{
  "id": "iwantbread.slugpupstuff",
  "name": "Pups+",
  "version": "1.3",
  "target_game_version": "v1.10.1",
  "authors": "iwantbread",
  "description": "Adds four new slugpup variants based off The Hunter, The Rivulet, The Gourmand, and The Saint. Each variant comes with new stats, different food requirements, and special abilities! Also adds various miscellaneous behaviors as well.",
  "requirements": [ "moreslugcats", "rwremix" ],
  "requirements_names": [ "More Slugcats", "Rainworld Remix" ],
  "priorities": ["moreslugcats", "rwremix", "emeralds_features"], 
  "checksum_override_version": false
}
